REM   Script: COTS Tubes PBD
REM   COTS Tubes PBD

CREATE TABLE admin( 
   Username_Admin      VARCHAR(14) NOT NULL PRIMARY KEY 
  ,Nama_Administrator  VARCHAR(10) NOT NULL 
  ,No_Hp_Administrator VARCHAR(15) NOT NULL 
  ,Email_Administrator VARCHAR(24) NOT NULL 
);

INSERT INTO admin(Username_Admin,Nama_Administrator,No_Hp_Administrator,Email_Administrator) VALUES ('taufrin','Taufik','+62-819-555-398','taufrin@gmail.com');

INSERT INTO admin(Username_Admin,Nama_Administrator,No_Hp_Administrator,Email_Administrator) VALUES ('asmiur','Asmianto','+62-818-555-098','asmiur23@gmail.com');

INSERT INTO admin(Username_Admin,Nama_Administrator,No_Hp_Administrator,Email_Administrator) VALUES ('kasiyaka','Kasiyandra','+62-818-555-944','kasiyaka@gmail.com');

INSERT INTO admin(Username_Admin,Nama_Administrator,No_Hp_Administrator,Email_Administrator) VALUES ('setyaip','Setya','+62-852-555-341','setyaip87@gmail.com');

INSERT INTO admin(Username_Admin,Nama_Administrator,No_Hp_Administrator,Email_Administrator) VALUES ('iansirait','Ian','+62-838-555-376','iansirait@gmail.com');

INSERT INTO admin(Username_Admin,Nama_Administrator,No_Hp_Administrator,Email_Administrator) VALUES ('oskaofa','Oskar','+62-898-555-328','oskaofa854@gmail.com');

INSERT INTO admin(Username_Admin,Nama_Administrator,No_Hp_Administrator,Email_Administrator) VALUES ('irsyaara','Irsyad','+62-853-555-739','irsyaara@gmail.com');

INSERT INTO admin(Username_Admin,Nama_Administrator,No_Hp_Administrator,Email_Administrator) VALUES ('gatotyeah','Gatot','+62-815-555-457','gatotyeah@gmail.com');

INSERT INTO admin(Username_Admin,Nama_Administrator,No_Hp_Administrator,Email_Administrator) VALUES ('bakiair','Bakiadi','+62-813-555-899','bakiair@gmail.com');

INSERT INTO admin(Username_Admin,Nama_Administrator,No_Hp_Administrator,Email_Administrator) VALUES ('karmanto','Karman','+62-899-555-181','karmanto@gmail.com');

INSERT INTO admin(Username_Admin,Nama_Administrator,No_Hp_Administrator,Email_Administrator) VALUES ('parishah','Paris','+62-853-555-160','parishah@gmail.com');

INSERT INTO admin(Username_Admin,Nama_Administrator,No_Hp_Administrator,Email_Administrator) VALUES ('respanik','Respati','+62-856-555-489','resmanik@gmail.com');

INSERT INTO admin(Username_Admin,Nama_Administrator,No_Hp_Administrator,Email_Administrator) VALUES ('iriandah','Irianto','+62-838-555-701','iriandah@gmail.com');

INSERT INTO admin(Username_Admin,Nama_Administrator,No_Hp_Administrator,Email_Administrator) VALUES ('cahyotmti','Cahyanto','+62-838-555-968','cahyomti@gmail.com');

INSERT INTO admin(Username_Admin,Nama_Administrator,No_Hp_Administrator,Email_Administrator) VALUES ('barjej','Barajati','+62-878-555-878','barjej@gmail.com');

INSERT INTO admin(Username_Admin,Nama_Administrator,No_Hp_Administrator,Email_Administrator) VALUES ('drmaul','Daffa','+62-854-555-941','drmaulana231@gmail.com');

INSERT INTO admin(Username_Admin,Nama_Administrator,No_Hp_Administrator,Email_Administrator) VALUES ('erikos','Erik','+62-878-555-850','erikos@gmail.com');

INSERT INTO admin(Username_Admin,Nama_Administrator,No_Hp_Administrator,Email_Administrator) VALUES ('kariyanto','Kariman','+62-818-555-294','kariyanto@gmail.com');

INSERT INTO admin(Username_Admin,Nama_Administrator,No_Hp_Administrator,Email_Administrator) VALUES ('dahzm','Hazim','+62-897-555-168','dahzim180300@gmail.com');

INSERT INTO admin(Username_Admin,Nama_Administrator,No_Hp_Administrator,Email_Administrator) VALUES ('damardik','Daffa','+62-815-555-703','damardik@gmail.com');

INSERT INTO admin(Username_Admin,Nama_Administrator,No_Hp_Administrator,Email_Administrator) VALUES ('prasyet','Prasetya','+62-878-555-074','prasyet@gmail.com');

INSERT INTO admin(Username_Admin,Nama_Administrator,No_Hp_Administrator,Email_Administrator) VALUES ('asirwano','Asirwada','+62-878-555-422','asirwano@gmail.com');

INSERT INTO admin(Username_Admin,Nama_Administrator,No_Hp_Administrator,Email_Administrator) VALUES ('mahdin','Mahdi','+62-878-555-305','mahdin@gmail.com');

INSERT INTO admin(Username_Admin,Nama_Administrator,No_Hp_Administrator,Email_Administrator) VALUES ('nalaran','Nalar','+62-878-555-380','nalaran@gmail.com');

INSERT INTO admin(Username_Admin,Nama_Administrator,No_Hp_Administrator,Email_Administrator) VALUES ('darsywo','Darijani','+62-899-555-774','darsywo942@gmail.com');

INSERT INTO admin(Username_Admin,Nama_Administrator,No_Hp_Administrator,Email_Administrator) VALUES ('auliaerf','Aulia','+62-878-555-511','auliaerf@gmail.com');

INSERT INTO admin(Username_Admin,Nama_Administrator,No_Hp_Administrator,Email_Administrator) VALUES ('affanfattahila','Ananda','+62-878-555-960','affanfattahila@gmail.com');

INSERT INTO admin(Username_Admin,Nama_Administrator,No_Hp_Administrator,Email_Administrator) VALUES ('fendiirfan','Fendi','+62-838-555-535','fendiirfan@gmail.com');

INSERT INTO admin(Username_Admin,Nama_Administrator,No_Hp_Administrator,Email_Administrator) VALUES ('rhabiy','Rachdian','+62-896-555-345','rhabiy@gmail.com');

INSERT INTO admin(Username_Admin,Nama_Administrator,No_Hp_Administrator,Email_Administrator) VALUES ('fakhrurezi','Fakhrurezi','+62-812-555-902','fakhrurezi@gmail.com');

CREATE TABLE member( 
   Username_Member     VARCHAR(17) NOT NULL PRIMARY KEY 
  ,Nama_Member         VARCHAR(18) NOT NULL 
  ,No_Handphone_Member INTEGER  NOT NULL 
  ,Email_member        VARCHAR(27) NOT NULL 
);

INSERT INTO member(Username_Member,Nama_Member,No_Handphone_Member,Email_member) VALUES ('robertmccarty','Robert Mccarty',089122171100,'robertmccarty@gmail.com');

INSERT INTO member(Username_Member,Nama_Member,No_Handphone_Member,Email_member) VALUES ('nicolehernandez','Nicole Hernandez',089122171101,'nicolehernandez@gmail.com');

INSERT INTO member(Username_Member,Nama_Member,No_Handphone_Member,Email_member) VALUES ('raymondsims','Raymond Sims',089122171102,'raymondsims@gmail.com');

INSERT INTO member(Username_Member,Nama_Member,No_Handphone_Member,Email_member) VALUES ('carolynpayne','Carolyn Payne',089122171103,'carolynpayne@gmail.com');

INSERT INTO member(Username_Member,Nama_Member,No_Handphone_Member,Email_member) VALUES ('lindawright','Linda Wright',089122171104,'lindawright@gmail.com');

INSERT INTO member(Username_Member,Nama_Member,No_Handphone_Member,Email_member) VALUES ('danielhowell','Daniel Howell',089122171105,'danielhowell@gmail.com');

INSERT INTO member(Username_Member,Nama_Member,No_Handphone_Member,Email_member) VALUES ('dylanmartinez','Dylan Martinez',089122171106,'dylanmartinez@gmail.com');

INSERT INTO member(Username_Member,Nama_Member,No_Handphone_Member,Email_member) VALUES ('jasonmatthews','Jason Matthews',089122171107,'jasonmatthews@gmail.com');

INSERT INTO member(Username_Member,Nama_Member,No_Handphone_Member,Email_member) VALUES ('joseharris','Jose Harris',089122171108,'joseharris@gmail.com');

INSERT INTO member(Username_Member,Nama_Member,No_Handphone_Member,Email_member) VALUES ('philipmason','Philip Mason',089122171109,'philipmason@gmail.com');

INSERT INTO member(Username_Member,Nama_Member,No_Handphone_Member,Email_member) VALUES ('elizabethmorris','Elizabeth Morris',089122171110,'elizabethmorris@gmail.com');

INSERT INTO member(Username_Member,Nama_Member,No_Handphone_Member,Email_member) VALUES ('melissafarley','Melissa Farley',089122171111,'melissafarley@gmail.com');

INSERT INTO member(Username_Member,Nama_Member,No_Handphone_Member,Email_member) VALUES ('amyadams','Amy Adams',089122171112,'amyadams@gmail.com');

INSERT INTO member(Username_Member,Nama_Member,No_Handphone_Member,Email_member) VALUES ('walterlee','Walter Lee',089122171113,'walterlee@gmail.com');

INSERT INTO member(Username_Member,Nama_Member,No_Handphone_Member,Email_member) VALUES ('pamelawebb','Pamela Webb',089122171114,'pamelawebb@gmail.com');

INSERT INTO member(Username_Member,Nama_Member,No_Handphone_Member,Email_member) VALUES ('christopheryoung','Christopher Young',089122171115,'christopheryoung@gmail.com');

INSERT INTO member(Username_Member,Nama_Member,No_Handphone_Member,Email_member) VALUES ('philipchurch','Philip Church',089122171116,'philipchurch@gmail.com');

INSERT INTO member(Username_Member,Nama_Member,No_Handphone_Member,Email_member) VALUES ('vanessaperez','Vanessa Perez',089122171117,'vanessaperez@gmail.com');

INSERT INTO member(Username_Member,Nama_Member,No_Handphone_Member,Email_member) VALUES ('benjamincooper','Benjamin Cooper',089122171118,'benjamincooper@gmail.com');

INSERT INTO member(Username_Member,Nama_Member,No_Handphone_Member,Email_member) VALUES ('justinleblanc','Justin Leblanc',089122171119,'justinleblanc@gmail.com');

INSERT INTO member(Username_Member,Nama_Member,No_Handphone_Member,Email_member) VALUES ('jasminekelly','Jasmine Kelly',089122171120,'jasminekelly@gmail.com');

INSERT INTO member(Username_Member,Nama_Member,No_Handphone_Member,Email_member) VALUES ('michellepena','Michelle Pena',089122171121,'michellepena@gmail.com');

INSERT INTO member(Username_Member,Nama_Member,No_Handphone_Member,Email_member) VALUES ('aaronford','Aaron Ford',089122171122,'aaronford@gmail.com');

INSERT INTO member(Username_Member,Nama_Member,No_Handphone_Member,Email_member) VALUES ('kevinmcdonald','Kevin Mcdonald',089122171123,'kevinmcdonald@gmail.com');

INSERT INTO member(Username_Member,Nama_Member,No_Handphone_Member,Email_member) VALUES ('tracywright','Tracy Wright',089122171124,'tracywright@gmail.com');

INSERT INTO member(Username_Member,Nama_Member,No_Handphone_Member,Email_member) VALUES ('benjaminbenson','Benjamin Benson',089122171125,'benjaminbenson@gmail.com');

INSERT INTO member(Username_Member,Nama_Member,No_Handphone_Member,Email_member) VALUES ('mrs.jillalvarado','Mrs. Jill Alvarado',089122171126,'mrs.jillalvarado@gmail.com');

INSERT INTO member(Username_Member,Nama_Member,No_Handphone_Member,Email_member) VALUES ('karlalevine','Karla Levine',089122171127,'karlalevine@gmail.com');

INSERT INTO member(Username_Member,Nama_Member,No_Handphone_Member,Email_member) VALUES ('robertsimmons','Robert Simmons',089122171128,'robertsimmons@gmail.com');

INSERT INTO member(Username_Member,Nama_Member,No_Handphone_Member,Email_member) VALUES ('kathleenchristian','Kathleen Christian',089122171129,'kathleenchristian@gmail.com');

CREATE TABLE produk( 
   Produk_ID     VARCHAR(6) NOT NULL PRIMARY KEY 
  ,Nama_Barang   VARCHAR(12) NOT NULL 
  ,Merk          VARCHAR(6) NOT NULL 
  ,Spesifikasi   VARCHAR(21) NOT NULL 
  ,Kategori      VARCHAR(18) NOT NULL 
  ,Kisaran_Harga INTEGER  NOT NULL 
);

INSERT INTO produk(Produk_ID,Nama_Barang,Merk,Spesifikasi,Kategori,Kisaran_Harga) VALUES ('P01923','Sepeda','Adidas','Mountain Bike','Alat Olahraga',2700000);

INSERT INTO produk(Produk_ID,Nama_Barang,Merk,Spesifikasi,Kategori,Kisaran_Harga) VALUES ('P02817','Helm','Adidas','Sport','Aksesoris Olahraga',350000);

INSERT INTO produk(Produk_ID,Nama_Barang,Merk,Spesifikasi,Kategori,Kisaran_Harga) VALUES ('P11153','Keyboard','Adidas','Gaming Silent','Aksesoris Komputer',235000);

INSERT INTO produk(Produk_ID,Nama_Barang,Merk,Spesifikasi,Kategori,Kisaran_Harga) VALUES ('P12566','Laptop','Adidas','Gaming','Komputer',7800000);

INSERT INTO produk(Produk_ID,Nama_Barang,Merk,Spesifikasi,Kategori,Kisaran_Harga) VALUES ('P01934','Sepeda','Adidas','Mountain Bike','Alat Olahraga',2850000);

INSERT INTO produk(Produk_ID,Nama_Barang,Merk,Spesifikasi,Kategori,Kisaran_Harga) VALUES ('P02341','Sepeda','Adidas','Mountain Bike','Alat Olahraga',3250000);

INSERT INTO produk(Produk_ID,Nama_Barang,Merk,Spesifikasi,Kategori,Kisaran_Harga) VALUES ('P06723','Ban Sepeda','Adidas','27,5 Inch','Aksesoris Olahraga',125000);

INSERT INTO produk(Produk_ID,Nama_Barang,Merk,Spesifikasi,Kategori,Kisaran_Harga) VALUES ('P23410','Helm','Adidas','Retro','Aksesoris Olahraga',325000);

INSERT INTO produk(Produk_ID,Nama_Barang,Merk,Spesifikasi,Kategori,Kisaran_Harga) VALUES ('P12098','Keyboard','Adidas','Gaming','Aksesoris Komputer',210000);

INSERT INTO produk(Produk_ID,Nama_Barang,Merk,Spesifikasi,Kategori,Kisaran_Harga) VALUES ('P34290','Stick Golf','Adidas','1 Meter','Aksesoris Olahraga',18500000);

INSERT INTO produk(Produk_ID,Nama_Barang,Merk,Spesifikasi,Kategori,Kisaran_Harga) VALUES ('P45021','Pedal Sepeda','Adidas','27,5 Inch','Aksesoris Olahraga',350000);

INSERT INTO produk(Produk_ID,Nama_Barang,Merk,Spesifikasi,Kategori,Kisaran_Harga) VALUES ('P32089','Helm','Adidas','Retro','Aksesoris Olahraga',315000);

INSERT INTO produk(Produk_ID,Nama_Barang,Merk,Spesifikasi,Kategori,Kisaran_Harga) VALUES ('P00123','Helm','Adidas','Sport','Aksesoris Olahraga',335000);

INSERT INTO produk(Produk_ID,Nama_Barang,Merk,Spesifikasi,Kategori,Kisaran_Harga) VALUES ('P37239','Helm','Adidas','Sport','Aksesoris Olahraga',350000);

INSERT INTO produk(Produk_ID,Nama_Barang,Merk,Spesifikasi,Kategori,Kisaran_Harga) VALUES ('P04552','Helm','Adidas','Retro','Aksesoris Olahraga',325000);

INSERT INTO produk(Produk_ID,Nama_Barang,Merk,Spesifikasi,Kategori,Kisaran_Harga) VALUES ('P02313','Sepatu','Adidas','Sport','Aksesoris Olahraga',785000);

INSERT INTO produk(Produk_ID,Nama_Barang,Merk,Spesifikasi,Kategori,Kisaran_Harga) VALUES ('P07234','Speaker','Adidas','Full Bass','Aksesoris Komputer',125000);

INSERT INTO produk(Produk_ID,Nama_Barang,Merk,Spesifikasi,Kategori,Kisaran_Harga) VALUES ('P02321','Baju','Adidas','Kaos','Aksesoris Olahraga',150000);

INSERT INTO produk(Produk_ID,Nama_Barang,Merk,Spesifikasi,Kategori,Kisaran_Harga) VALUES ('P37237','Topi','Adidas','L','Aksesoris Olahraga',750000);

INSERT INTO produk(Produk_ID,Nama_Barang,Merk,Spesifikasi,Kategori,Kisaran_Harga) VALUES ('P05323','Sejadah','Adidas','Xl','Ibadah',350000);

INSERT INTO produk(Produk_ID,Nama_Barang,Merk,Spesifikasi,Kategori,Kisaran_Harga) VALUES ('P00012','Peci','Adidas','Peci Nasional','Ibadah',35000);

INSERT INTO produk(Produk_ID,Nama_Barang,Merk,Spesifikasi,Kategori,Kisaran_Harga) VALUES ('P00358','Sarung','Adidas','Tenun Motif Batik','Ibadah',185000);

INSERT INTO produk(Produk_ID,Nama_Barang,Merk,Spesifikasi,Kategori,Kisaran_Harga) VALUES ('P02301','Sendok','Adidas','Aluminium','Alat Makan',6000);

INSERT INTO produk(Produk_ID,Nama_Barang,Merk,Spesifikasi,Kategori,Kisaran_Harga) VALUES ('P02309','Piring','Adidas','Kaca','Alat Makan',5000);

INSERT INTO produk(Produk_ID,Nama_Barang,Merk,Spesifikasi,Kategori,Kisaran_Harga) VALUES ('P07583','Gelas','Adidas','Kaca','Alat Makan',35000);

INSERT INTO produk(Produk_ID,Nama_Barang,Merk,Spesifikasi,Kategori,Kisaran_Harga) VALUES ('P06423','Jam Tangan','Adidas','Smart Band','Aksesoris Olahraga',415000);

INSERT INTO produk(Produk_ID,Nama_Barang,Merk,Spesifikasi,Kategori,Kisaran_Harga) VALUES ('P05532','Panah','Adidas','Blue','Aksesoris Olahraga',85000);

INSERT INTO produk(Produk_ID,Nama_Barang,Merk,Spesifikasi,Kategori,Kisaran_Harga) VALUES ('P01223','Sepatu Bola','Adidas','Biru','Aksesoris Olahraga',750000);

INSERT INTO produk(Produk_ID,Nama_Barang,Merk,Spesifikasi,Kategori,Kisaran_Harga) VALUES ('P01234','Bola','Adidas','L','Aksesoris Olahraga',550000);

INSERT INTO produk(Produk_ID,Nama_Barang,Merk,Spesifikasi,Kategori,Kisaran_Harga) VALUES ('P05453','Buku','Adidas','Buku Tulis 48 Halaman','Buku',3000);

CREATE TABLE video( 
   Id_Video   VARCHAR(6) NOT NULL PRIMARY KEY 
  ,Video_Name VARCHAR(17) NOT NULL 
);

INSERT INTO video(Id_Video,Video_Name) VALUES ('VID001','Vlog Hobi Part 1');

INSERT INTO video(Id_Video,Video_Name) VALUES ('VID002','Vlog Hobi Part 2');

INSERT INTO video(Id_Video,Video_Name) VALUES ('VID003','Vlog Hobi Part 3');

INSERT INTO video(Id_Video,Video_Name) VALUES ('VID004','Vlog Hobi Part 4');

INSERT INTO video(Id_Video,Video_Name) VALUES ('VID005','Vlog Hobi Part 5');

INSERT INTO video(Id_Video,Video_Name) VALUES ('VID006','Vlog Hobi Part 6');

INSERT INTO video(Id_Video,Video_Name) VALUES ('VID007','Vlog Hobi Part 7');

INSERT INTO video(Id_Video,Video_Name) VALUES ('VID008','Vlog Hobi Part 8');

INSERT INTO video(Id_Video,Video_Name) VALUES ('VID009','Vlog Hobi Part 9');

INSERT INTO video(Id_Video,Video_Name) VALUES ('VID010','Vlog Hobi Part 10');

INSERT INTO video(Id_Video,Video_Name) VALUES ('VID011','Vlog Hobi Part 11');

INSERT INTO video(Id_Video,Video_Name) VALUES ('VID012','Vlog Hobi Part 12');

INSERT INTO video(Id_Video,Video_Name) VALUES ('VID013','Vlog Hobi Part 13');

INSERT INTO video(Id_Video,Video_Name) VALUES ('VID014','Vlog Hobi Part 14');

INSERT INTO video(Id_Video,Video_Name) VALUES ('VID015','Vlog Hobi Part 15');

CREATE TABLE artikel( 
   Id_Artikel   VARCHAR(5) NOT NULL PRIMARY KEY 
  ,Artikel_Name VARCHAR(33) NOT NULL 
);

INSERT INTO artikel(Id_Artikel,Artikel_Name) VALUES ('Ar001','Menjaga Barang Kesayangan Part 1');

INSERT INTO artikel(Id_Artikel,Artikel_Name) VALUES ('Ar002','Menjaga Barang Kesayangan Part 2');

INSERT INTO artikel(Id_Artikel,Artikel_Name) VALUES ('Ar003','Menjaga Barang Kesayangan Part 3');

INSERT INTO artikel(Id_Artikel,Artikel_Name) VALUES ('Ar004','Menjaga Barang Kesayangan Part 4');

INSERT INTO artikel(Id_Artikel,Artikel_Name) VALUES ('Ar005','Menjaga Barang Kesayangan Part 5');

INSERT INTO artikel(Id_Artikel,Artikel_Name) VALUES ('Ar006','Menjaga Barang Kesayangan Part 6');

INSERT INTO artikel(Id_Artikel,Artikel_Name) VALUES ('Ar007','Menjaga Barang Kesayangan Part 7');

INSERT INTO artikel(Id_Artikel,Artikel_Name) VALUES ('Ar008','Menjaga Barang Kesayangan Part 8');

INSERT INTO artikel(Id_Artikel,Artikel_Name) VALUES ('Ar009','Menjaga Barang Kesayangan Part 9');

INSERT INTO artikel(Id_Artikel,Artikel_Name) VALUES ('Ar010','Menjaga Barang Kesayangan Part 10');

INSERT INTO artikel(Id_Artikel,Artikel_Name) VALUES ('Ar011','Menjaga Barang Kesayangan Part 11');

INSERT INTO artikel(Id_Artikel,Artikel_Name) VALUES ('Ar012','Menjaga Barang Kesayangan Part 12');

INSERT INTO artikel(Id_Artikel,Artikel_Name) VALUES ('Ar013','Menjaga Barang Kesayangan Part 13');

INSERT INTO artikel(Id_Artikel,Artikel_Name) VALUES ('Ar014','Menjaga Barang Kesayangan Part 14');

INSERT INTO artikel(Id_Artikel,Artikel_Name) VALUES ('Ar015','Menjaga Barang Kesayangan Part 15');

CREATE TABLE review( 
   Review_ID       VARCHAR(4) NOT NULL PRIMARY KEY 
  ,Username_Member     VARCHAR(17) NOT NULL 
  ,Produk_ID     VARCHAR(6) NOT NULL 
  ,Narasi          VARCHAR(10) NOT NULL 
  ,Tempat_Membeli  VARCHAR(19) NOT NULL 
  ,Varian          VARCHAR(6) NOT NULL 
  ,Lama_Pemakaian  VARCHAR(7) NOT NULL 
  ,CONSTRAINT FK_Produk_ID  FOREIGN KEY (Produk_ID ) REFERENCES produk(Produk_ID ) 
  ,CONSTRAINT FK_Username_Member  FOREIGN KEY (Username_Member) REFERENCES member(Username_Member) 
);

INSERT INTO review(Review_ID,Username_Member,Produk_ID,Narasi,Tempat_Membeli,Varian,Lama_Pemakaian) VALUES ('R001','nicolehernandez','P12098','Mantul Gan','Toko Sinar Rejeki','Merah','1 Tahun');

INSERT INTO review(Review_ID,Username_Member,Produk_ID,Narasi,Tempat_Membeli,Varian,Lama_Pemakaian) VALUES ('R002','raymondsims','P34290','Mantul Gan','Toko Sinar Rejeki 3','Merah','2 Tahun');

INSERT INTO review(Review_ID,Username_Member,Produk_ID,Narasi,Tempat_Membeli,Varian,Lama_Pemakaian) VALUES ('R003','carolynpayne','P45021','Mantul Gan','Toko Sinar Mas 2','Biru','3 Tahun');

INSERT INTO review(Review_ID,Username_Member,Produk_ID,Narasi,Tempat_Membeli,Varian,Lama_Pemakaian) VALUES ('R004','lindawright','P32089','Mantul Gan','Toko Sinar Rejeki','Merah','4 Tahun');

INSERT INTO review(Review_ID,Username_Member,Produk_ID,Narasi,Tempat_Membeli,Varian,Lama_Pemakaian) VALUES ('R005','danielhowell','P00123','Mantul Gan','Toko Sinar Rejeki 4','Biru','1 Tahun');

INSERT INTO review(Review_ID,Username_Member,Produk_ID,Narasi,Tempat_Membeli,Varian,Lama_Pemakaian) VALUES ('R006','dylanmartinez','P37239','Mantul Gan','Toko Sinar Mas 3','Kuning','2 Tahun');

INSERT INTO review(Review_ID,Username_Member,Produk_ID,Narasi,Tempat_Membeli,Varian,Lama_Pemakaian) VALUES ('R007','jasonmatthews','P04552','Mantul Gan','Toko Sinar Rejeki','Merah','3 Tahun');

INSERT INTO review(Review_ID,Username_Member,Produk_ID,Narasi,Tempat_Membeli,Varian,Lama_Pemakaian) VALUES ('R008','joseharris','P02313','Mantul Gan','Toko Sinar Rejeki 5','Merah','4 Tahun');

INSERT INTO review(Review_ID,Username_Member,Produk_ID,Narasi,Tempat_Membeli,Varian,Lama_Pemakaian) VALUES ('R009','philipmason','P07234','Mantul Gan','Toko Sinar Mas 4','Biru','1 Tahun');

INSERT INTO review(Review_ID,Username_Member,Produk_ID,Narasi,Tempat_Membeli,Varian,Lama_Pemakaian) VALUES ('R010','elizabethmorris','P02321','Mantul Gan','Toko Sinar Rejeki','Merah','2 Tahun');

INSERT INTO review(Review_ID,Username_Member,Produk_ID,Narasi,Tempat_Membeli,Varian,Lama_Pemakaian) VALUES ('R011','melissafarley','P37237','Mantul Gan','Toko Sinar Rejeki 6','Biru','3 Tahun');

INSERT INTO review(Review_ID,Username_Member,Produk_ID,Narasi,Tempat_Membeli,Varian,Lama_Pemakaian) VALUES ('R012','amyadams','P05323','Mantul Gan','Toko Sinar Mas 5','Kuning','4 Tahun');

INSERT INTO review(Review_ID,Username_Member,Produk_ID,Narasi,Tempat_Membeli,Varian,Lama_Pemakaian) VALUES ('R013','walterlee','P00012','Mantul Gan','Toko Sinar Rejeki','Merah','1 Tahun');

INSERT INTO review(Review_ID,Username_Member,Produk_ID,Narasi,Tempat_Membeli,Varian,Lama_Pemakaian) VALUES ('R014','pamelawebb','P00358','Mantul Gan','Toko Sinar Rejeki 7','Merah','2 Tahun');

INSERT INTO review(Review_ID,Username_Member,Produk_ID,Narasi,Tempat_Membeli,Varian,Lama_Pemakaian) VALUES ('R015','christopheryoung','P02301','Mantul Gan','Toko Sinar Mas 6','Biru','3 Tahun');

CREATE TABLE forum( 
   Forum_ID        VARCHAR(4) NOT NULL PRIMARY KEY 
  ,Username_Member VARCHAR(17) NOT NULL 
  ,Balasan         VARCHAR(10) NOT NULL 
  ,Nama_Forum      VARCHAR(7) NOT NULL 
  ,CONSTRAINT Username_Member  FOREIGN KEY (Username_Member) REFERENCES member(Username_Member) 
);

INSERT INTO forum(Forum_ID,Username_Member,Balasan,Nama_Forum) VALUES ('F001','jasminekelly','Mantul','Room 1');

INSERT INTO forum(Forum_ID,Username_Member,Balasan,Nama_Forum) VALUES ('F002','michellepena','Mantul gan','Room 2');

INSERT INTO forum(Forum_ID,Username_Member,Balasan,Nama_Forum) VALUES ('F003','aaronford','Mantul gan','Room 3');

INSERT INTO forum(Forum_ID,Username_Member,Balasan,Nama_Forum) VALUES ('F004','kevinmcdonald','Mantul gan','Room 4');

INSERT INTO forum(Forum_ID,Username_Member,Balasan,Nama_Forum) VALUES ('F005','tracywright','Mantul gan','Room 5');

INSERT INTO forum(Forum_ID,Username_Member,Balasan,Nama_Forum) VALUES ('F006','benjaminbenson','Mantul gan','Room 6');

INSERT INTO forum(Forum_ID,Username_Member,Balasan,Nama_Forum) VALUES ('F007','mrs.jillalvarado','Mantul gan','Room 7');

INSERT INTO forum(Forum_ID,Username_Member,Balasan,Nama_Forum) VALUES ('F008','karlalevine','Mantul','Room 8');

INSERT INTO forum(Forum_ID,Username_Member,Balasan,Nama_Forum) VALUES ('F009','robertsimmons','Mantul','Room 9');

INSERT INTO forum(Forum_ID,Username_Member,Balasan,Nama_Forum) VALUES ('F010','kathleenchristian','Mantul','Room 10');

INSERT INTO forum(Forum_ID,Username_Member,Balasan,Nama_Forum) VALUES ('F011','philipmason','Mantul','Room 11');

INSERT INTO forum(Forum_ID,Username_Member,Balasan,Nama_Forum) VALUES ('F012','elizabethmorris','Mantul','Room 12');

INSERT INTO forum(Forum_ID,Username_Member,Balasan,Nama_Forum) VALUES ('F013','melissafarley','Mantul gan','Room 13');

INSERT INTO forum(Forum_ID,Username_Member,Balasan,Nama_Forum) VALUES ('F014','amyadams','Mantul gan','Room 14');

INSERT INTO forum(Forum_ID,Username_Member,Balasan,Nama_Forum) VALUES ('F015','walterlee','Mantul gan','Room 15');

CREATE TABLE grup( 
   Group_ID        VARCHAR(4) NOT NULL PRIMARY KEY 
  ,Username_Admin  VARCHAR(9) NOT NULL 
  ,Username_Member VARCHAR(16) NOT NULL 
  ,Nama_Group      VARCHAR(35) NOT NULL 
  ,Komentar        VARCHAR(11) NOT NULL 
  ,CONSTRAINT FK_Username_Admin_grup  FOREIGN KEY (Username_Admin) REFERENCES admin(Username_Admin) 
  ,CONSTRAINT FK_Username_Member_grup  FOREIGN KEY (Username_Member) REFERENCES member(Username_Member) 
);

INSERT INTO grup(Group_ID,Username_Admin,Username_Member,Nama_Group,Komentar) VALUES ('G101','iansirait','nicolehernandez','Persatuan Hobby Pria Se-Jawa Barat','gokil');

INSERT INTO grup(Group_ID,Username_Admin,Username_Member,Nama_Group,Komentar) VALUES ('G102','oskaofa','raymondsims','Persatuan Hobby Pria Se-Jawa Barat','keren');

INSERT INTO grup(Group_ID,Username_Admin,Username_Member,Nama_Group,Komentar) VALUES ('G103','irsyaara','carolynpayne','Persatuan Hobby Pria Se-Jawa Barat','mantul');

INSERT INTO grup(Group_ID,Username_Admin,Username_Member,Nama_Group,Komentar) VALUES ('G104','gatotyeah','lindawright','Persatuan Hobby Pria Se-Jawa Barat','gilaaaaaaaa');

INSERT INTO grup(Group_ID,Username_Admin,Username_Member,Nama_Group,Komentar) VALUES ('G105','bakiair','danielhowell','Persatuan Hobby Pria Se-Jawa Barat','aseeeek');

INSERT INTO grup(Group_ID,Username_Admin,Username_Member,Nama_Group,Komentar) VALUES ('G106','karmanto','dylanmartinez','Persatuan Hobby Pria Se-Jawa Timur','waw');

INSERT INTO grup(Group_ID,Username_Admin,Username_Member,Nama_Group,Komentar) VALUES ('G107','parishah','jasonmatthews','Persatuan Hobby Pria Se-Jawa Timur','yuhuuuuuu');

INSERT INTO grup(Group_ID,Username_Admin,Username_Member,Nama_Group,Komentar) VALUES ('G108','respanik','joseharris','Persatuan Hobby Pria Se-Jawa Timur','uwaww');

INSERT INTO grup(Group_ID,Username_Admin,Username_Member,Nama_Group,Komentar) VALUES ('G109','iriandah','philipmason','Persatuan Hobby Pria Se-Jawa Timur','auowwoow');

INSERT INTO grup(Group_ID,Username_Admin,Username_Member,Nama_Group,Komentar) VALUES ('G110','cahyotmti','elizabethmorris','Persatuan Hobby Pria Se-Jawa Tengah','amazing');

INSERT INTO grup(Group_ID,Username_Admin,Username_Member,Nama_Group,Komentar) VALUES ('G111','barjej','melissafarley','Persatuan Hobby Pria Se-Jawa Tengah','whoaaa');

INSERT INTO grup(Group_ID,Username_Admin,Username_Member,Nama_Group,Komentar) VALUES ('G112','drmaul','amyadams','Persatuan Hobby Pria Se-Jawa Tengah','mantul');

INSERT INTO grup(Group_ID,Username_Admin,Username_Member,Nama_Group,Komentar) VALUES ('G113','erikos','walterlee','Persatuan Hobby Pria Se-Jawa Tengah','mantul');

INSERT INTO grup(Group_ID,Username_Admin,Username_Member,Nama_Group,Komentar) VALUES ('G114','kariyanto','pamelawebb','Persatuan Hobby Pria Se-DKI Jakarta','mantul');

INSERT INTO grup(Group_ID,Username_Admin,Username_Member,Nama_Group,Komentar) VALUES ('G115','dahzm','christopheryoung','Persatuan Hobby Pria Se-DKI Jakarta','mantul');

CREATE TABLE aktifitas( 
   Aktifitas_ID    VARCHAR(5) NOT NULL PRIMARY KEY 
  ,Username_Admin      VARCHAR(14)NOT NULL 
  ,Username_Member     VARCHAR(17) NOT NULL 
  ,Group_ID        VARCHAR(4) NOT NULL 
  ,Forum_ID        VARCHAR(4) NOT NULL 
  ,Id_Video   VARCHAR(6) NOT NULL 
  ,Id_Artikel   VARCHAR(5) NOT NULL 
 
  ,CONSTRAINT FK_Id_Artikel_aktifitas  FOREIGN KEY (Id_Artikel) REFERENCES artikel(Id_Artikel) 
  ,CONSTRAINT FK_Username_Admin_aktifitas  FOREIGN KEY (Username_Admin) REFERENCES admin(Username_Admin) 
  ,CONSTRAINT FK_Username_Member_aktifitas  FOREIGN KEY (Username_Member) REFERENCES member(Username_Member) 
  ,CONSTRAINT FK_Group_ID_aktifitas  FOREIGN KEY (Group_ID) REFERENCES grup(Group_ID) 
  ,CONSTRAINT FK_Forum_ID_aktifitas  FOREIGN KEY (Forum_ID) REFERENCES forum(Forum_ID) 
  ,CONSTRAINT FK_Id_Video_aktifitas  FOREIGN KEY (Id_Video) REFERENCES video(Id_Video) 
 
 
);

INSERT INTO aktifitas(Aktifitas_ID,Username_Admin,Username_Member,Group_ID,Forum_ID,Id_Video,Id_Artikel) VALUES ('Ak001','iansirait','nicolehernandez','G101','F001','VID001','Ar001');

INSERT INTO aktifitas(Aktifitas_ID,Username_Admin,Username_Member,Group_ID,Forum_ID,Id_Video,Id_Artikel) VALUES ('Ak002','oskaofa','raymondsims','G102','F002','VID002','Ar002');

INSERT INTO aktifitas(Aktifitas_ID,Username_Admin,Username_Member,Group_ID,Forum_ID,Id_Video,Id_Artikel) VALUES ('Ak003','irsyaara','carolynpayne','G103','F003','VID003','Ar003');

INSERT INTO aktifitas(Aktifitas_ID,Username_Admin,Username_Member,Group_ID,Forum_ID,Id_Video,Id_Artikel) VALUES ('Ak004','gatotyeah','lindawright','G104','F004','VID004','Ar004');

INSERT INTO aktifitas(Aktifitas_ID,Username_Admin,Username_Member,Group_ID,Forum_ID,Id_Video,Id_Artikel) VALUES ('Ak005','bakiair','danielhowell','G105','F005','VID005','Ar005');

INSERT INTO aktifitas(Aktifitas_ID,Username_Admin,Username_Member,Group_ID,Forum_ID,Id_Video,Id_Artikel) VALUES ('Ak006','karmanto','dylanmartinez','G106','F006','VID006','Ar006');

INSERT INTO aktifitas(Aktifitas_ID,Username_Admin,Username_Member,Group_ID,Forum_ID,Id_Video,Id_Artikel) VALUES ('Ak007','parishah','jasonmatthews','G107','F007','VID007','Ar007');

INSERT INTO aktifitas(Aktifitas_ID,Username_Admin,Username_Member,Group_ID,Forum_ID,Id_Video,Id_Artikel) VALUES ('Ak008','respanik','joseharris','G108','F008','VID008','Ar008');

INSERT INTO aktifitas(Aktifitas_ID,Username_Admin,Username_Member,Group_ID,Forum_ID,Id_Video,Id_Artikel) VALUES ('Ak009','iriandah','philipmason','G109','F009','VID009','Ar009');

INSERT INTO aktifitas(Aktifitas_ID,Username_Admin,Username_Member,Group_ID,Forum_ID,Id_Video,Id_Artikel) VALUES ('Ak010','cahyotmti','elizabethmorris','G110','F010','VID010','Ar010');

INSERT INTO aktifitas(Aktifitas_ID,Username_Admin,Username_Member,Group_ID,Forum_ID,Id_Video,Id_Artikel) VALUES ('Ak011','barjej','melissafarley','G111','F011','VID011','Ar011');

INSERT INTO aktifitas(Aktifitas_ID,Username_Admin,Username_Member,Group_ID,Forum_ID,Id_Video,Id_Artikel) VALUES ('Ak012','drmaul','amyadams','G112','F012','VID012','Ar012');

INSERT INTO aktifitas(Aktifitas_ID,Username_Admin,Username_Member,Group_ID,Forum_ID,Id_Video,Id_Artikel) VALUES ('Ak013','erikos','walterlee','G113','F013','VID013','Ar013');

INSERT INTO aktifitas(Aktifitas_ID,Username_Admin,Username_Member,Group_ID,Forum_ID,Id_Video,Id_Artikel) VALUES ('Ak014','kariyanto','pamelawebb','G114','F014','VID014','Ar014');

INSERT INTO aktifitas(Aktifitas_ID,Username_Admin,Username_Member,Group_ID,Forum_ID,Id_Video,Id_Artikel) VALUES ('Ak015','dahzm','christopheryoung','G115','F015','VID015','Ar015');

